the_geom,OBJECTID,LOCATION,GISPROPNUM,COUNCILDIS,BOROUGH,NAME,POOLTYPE,SHAPE_STAr,SHAPE_STLe
"MULTIPOLYGON (((-73.89854807978361 40.83945171469163, -73.89818724520086 40.83933438115879, -73.89817715050593 40.83931558074005, -73.89818279386012 40.839302773494, -73.89818956243367 40.839289968141415, -73.89819745254967 40.83927801744655, -73.89821773105048 40.83925582736127, -73.89822899302501 40.83924558787669, -73.89824250295007 40.83923620314201, -73.8982560115616 40.83922767477428, -73.89827064408748 40.83922000016408, -73.89828639934072 40.83921318021037, -73.89830215316371 40.83920806939077, -73.89831903102011 40.839202959559934, -73.89833590626341 40.83919955796135, -73.89835277901368 40.83919701092689, -73.8983707756798 40.83919531854852, -73.89840563975649 40.839195349262816, -73.89842363239013 40.83919707334676, -73.89844162123126 40.83920050566162, -73.8984584860371 40.839203937884534, -73.89847422420463 40.83920907554939, -73.89848995751362 40.8392150677766, -73.8985056929593 40.839222770041495, -73.8985203008181 40.83923046951119, -73.8985337833391 40.83923902345831, -73.89854614052518 40.839248430082264, -73.89855737237771 40.83925868848291, -73.8985674765211 40.839269801359976, -73.89857645532929 40.83928176691484, -73.89858431010335 40.839293731480666, -73.89859103835444 40.83930654962423, -73.89859551734685 40.83931936578988, -73.8985988734901 40.839332180067686, -73.89860110073408 40.83934584972271, -73.89860220512901 40.83935951658951, -73.89860106037675 40.83937232781081, -73.89859879146975 40.839385991712014, -73.89859539626816 40.83939880005417, -73.89859087690766 40.83941246287707, -73.89858411088586 40.83942441458691, -73.89857621963628 40.83943636530687, -73.89854807978361 40.83945171469163)))",205,Outdoor,X010,15,X,Crotona Pool,Diving,7173.03729248,326.892595219
"MULTIPOLYGON (((-73.91421023756875 40.81150836610072, -73.91397208548891 40.81142891330739, -73.9140287282753 40.81133090213759, -73.91426688007206 40.81141035481522, -73.91421023756875 40.81150836610072)))",206,Indoor,X045,17,X,St. Mary's Pool,Intermediate,2807.98722839,221.999701843
"MULTIPOLYGON (((-73.76960783669826 40.687357868963815, -73.76939328767705 40.68723255196305, -73.76945914015147 40.68716722445411, -73.76967368790017 40.68729254223126, -73.76960783669826 40.687357868963815)))",207,Indoor,Q448,27,Q,Roy Wilkins Pool,Intermediate,2249.99740601,209.999708732
"MULTIPOLYGON (((-73.89668190610813 40.88999983531542, -73.89650605581274 40.88995170349949, -73.89656483025435 40.88982826355332, -73.89674376110656 40.88987535167228, -73.89668190610813 40.88999983531542)))",208,Outdoor,X092,11,X,Van Cortlandt Pool,Wading,2504.44326782,200.341723924
"MULTIPOLYGON (((-73.94970436686577 40.72060653723649, -73.94922571824465 40.72065551479116, -73.94922146869196 40.720654923374816, -73.94921740261438 40.72065381298878, -73.94921362871405 40.72065221331802, -73.94921024788204 40.72065016712798, -73.94920735050114 40.720647729121296, -73.94920501402962 40.720644964475454, -73.94920330093039 40.72064194710016, -73.94920225700118 40.72063875766164, -73.94906034416891 40.719770023539276, -73.94905984484032 40.719767632247056, -73.94905987109605 40.71976521104656, -73.94906042221591 40.71976282634847, -73.94906148308324 40.719760543562195, -73.9490630245997 40.719758425301784, -73.9490650044833 40.71975652966863, -73.94906736842819 40.71975490865763, -73.94907005159418 40.71975360673117, -73.94907298038525 40.71975265959951, -73.94907607446822 40.71975209324133, -73.94959648437977 40.719702084601344, -73.94959978816553 40.719702107777266, -73.9496030411469 40.71970254751653, -73.94960615322594 40.71970339163964, -73.94960903820726 40.71970461676691, -73.94961161618536 40.719706188965915, -73.9496138157579 40.71970806469137, -73.94961557600314 40.719710191991275, -73.94961684816745 40.719712511945644, -73.94961759701559 40.719714960298624, -73.9496178018066 40.71971746923802, -73.94964687132489 40.719916519855595, -73.94964710539962 40.71991923350048, -73.94964674910047 40.71992193943796, -73.94964581215064 40.71992456382391, -73.9496443201191 40.71992703503972, -73.94964231372288 40.71992928564674, -73.94963984771579 40.71993125422663, -73.94963698939434 40.71993288705747, -73.94963381676116 40.71993413957988, -73.94963041639639 40.71993497761287, -73.94942170118702 40.71995470093137, -73.94941873294977 40.71995506634973, -73.94941587648054 40.71995578076595, -73.94941320220225 40.7199568265669, -73.94941077604604 40.719958177969616, -73.94940865782593 40.71995980165687, -73.94940689976416 40.719961657598546, -73.9494055452037 40.719963700038626, -73.94940462753969 40.71996587862315, -73.94940416939608 40.719968139641665, -73.94947584614671 40.720387009055095, -73.94947639807594 40.72038835712519, -73.94947723599726 40.72038961696617, -73.94947833673916 40.72039075373893, -73.9494796698621 40.72039173600755, -73.94948119850044 40.72039253660872, -73.94948288038177 40.72039313340295, -73.94948466899598 40.7203935098867, -73.9494865148814 40.720393655648806, -73.94948836699261 40.72039356665842, -73.94968645298594 40.7203734018279, -73.94972346576907 40.720586900056475, -73.94972374793183 40.720589609757404, -73.9497234621533 40.72059231923899, -73.94972261565538 40.72059496002924, -73.94972122983006 40.720597465392075, -73.94971933969885 40.72059977201386, -73.94971699302766 40.72060182160337, -73.9497142491198 40.72060356236488, -73.94971117731721 40.72060495030719, -73.94970785524826 40.720605950355214, -73.94970436686577 40.72060653723649)))",209,Outdoor,B058,33,B,McCarren Park Pool,Olympic,39442.4838867,1075.74674499
"MULTIPOLYGON (((-73.94952185860986 40.71962331312114, -73.94916034079222 40.7196607368313, -73.94915030630229 40.719571047015016, -73.94915143744554 40.71955908784227, -73.94915481433884 40.71954798604627, -73.94915819188358 40.71953602876599, -73.94916381280973 40.719524928861134, -73.94917055746926 40.71951468133452, -73.94917842295999 40.719504435202744, -73.94918741165003 40.71949418866566, -73.94920763281797 40.719477114914945, -73.9492323431095 40.71946175050709, -73.94924581896615 40.719455777963056, -73.94925929416983 40.71945066000111, -73.94927389192247 40.71944639531509, -73.9492896110403 40.71944298480454, -73.94930420565571 40.71944128386508, -73.94931992347179 40.71943958161719, -73.94933564182097 40.71943873395129, -73.94935135768733 40.719439595450055, -73.94936595088836 40.71944131103685, -73.94938166545901 40.71944387989774, -73.94939625736541 40.719447302846945, -73.94941084679236 40.719452434961084, -73.94942431538973 40.71945756477999, -73.94943778150892 40.719464403764114, -73.94945012561385 40.719471242253995, -73.94946134587259 40.71947893483315, -73.94947256667028 40.71948748109488, -73.94948153923744 40.71949688095292, -73.94949051234377 40.719507134493895, -73.94949724141725 40.71951738704987, -73.9495039686617 40.71952849418849, -73.94951293271677 40.719550706495525, -73.94951517006274 40.7195626653479, -73.94952185860986 40.71962331312114)))",210,Outdoor,B058,33,B,Mccarren,Diving,6391.54127502,307.151551716
"MULTIPOLYGON (((-73.9219375048042 40.779128346182915, -73.92235403198352 40.779422452528216, -73.92235403098807 40.77942330620381, -73.92235515202103 40.77942501701321, -73.9223551510256 40.779425870688804, -73.92235627424186 40.77942672512192, -73.92235626527784 40.77943441270485, -73.9223540160469 40.77943611944241, -73.92235401505144 40.77943697311799, -73.92234951540355 40.779440387492656, -73.92233826843812 40.77945062943175, -73.922324772856 40.779460016177794, -73.9223112794517 40.77946854834696, -73.92228204620129 40.77948390291241, -73.92226743293735 40.77949072606808, -73.92225057105786 40.779496693128024, -73.9222348322016 40.77950266274436, -73.92220111241843 40.77951118124937, -73.92218313149192 40.779513731037866, -73.92216627477724 40.7795162815829, -73.9221482936615 40.77951797768953, -73.92213031472777 40.77951882011861, -73.92211233679318 40.779518807968806, -73.92209548288704 40.77951794199927, -73.92207750576715 40.77951622159156, -73.922059530832 40.7795136475062, -73.92204267992726 40.77951021960167, -73.92200898130831 40.7795016555344, -73.92199213341154 40.779495664794716, -73.92197640736025 40.77948967571265, -73.92196181008083 40.779482831915594, -73.92194721143589 40.779475134439416, -73.92193261379515 40.77946658328584, -73.92191914037036 40.7794580328921, -73.92190679316448 40.77944777500699, -73.9218944437754 40.77943837169581, -73.92188322060657 40.77942725999316, -73.9218731204684 40.7794161490508, -73.92186414454486 40.77940503886987, -73.92185516962617 40.779393075012564, -73.92184731773695 40.77938111191614, -73.92183611162963 40.77935548051949, -73.92183163219764 40.77934266513264, -73.92182715377066 40.779328995169486, -73.92182492257939 40.77931532763116, -73.92182381441506 40.77930165995412, -73.92182384550154 40.77927518160194, -73.92182837205661 40.77924785172247, -73.92183739224984 40.77922223404443, -73.92184302477547 40.77920942551609, -73.9218497815067 40.77919661774994, -73.92185766025537 40.779184665321, -73.9218666643933 40.77917271365456, -73.92187566752636 40.77916161566303, -73.92188691551655 40.77915051919248, -73.92189816486886 40.779140278199066, -73.92191053605725 40.7791300361638, -73.92191391049691 40.77912747652098, -73.9219161587287 40.77912662256707, -73.92191728175068 40.77912662332803, -73.92191952998029 40.7791257711751, -73.92193076612301 40.779125778787865, -73.92193188932877 40.77912663322512, -73.92193413655731 40.779126634747506, -73.92193525857641 40.77912749098496, -73.9219375048042 40.779128346182915)))",211,Outdoor,Q004,22,Q,Astoria,Wading,12202.4777069,439.778490348
"MULTIPOLYGON (((-73.97537704308279 40.73600454021375, -73.97532470377656 40.736068043625686, -73.9752985911735 40.73605597662642, -73.97527996235159 40.73594971991456, -73.97529813809537 40.735927327285346, -73.97536880002038 40.73596256037993, -73.97537704308279 40.73600454021375)))",212,Outdoor,M164,4,M,Asser Levy Pool,Wading,879.947769165,123.297035939
"MULTIPOLYGON (((-73.9757585100003 40.73623547081439, -73.97555169059785 40.736145651872114, -73.97559821407941 40.73608367978975, -73.97580501795817 40.73617350945212, -73.9757585100003 40.73623547081439)))",213,Indoor,M164,4,M,Asser Levy Pool,Intermediate,1715.8069458,183.992783106
"MULTIPOLYGON (((-73.88620760448572 40.84645972094958, -73.88609349171574 40.84659536124331, -73.88586724487563 40.84648251295516, -73.8859826853814 40.84634586924453, -73.88620760448572 40.84645972094958)))",214,Outdoor,X236,15,X,Mapes Pool,Intermediate,4407.18605042,267.469917349
"MULTIPOLYGON (((-73.88626280458823 40.84670312461, -73.88618870578074 40.846669868360316, -73.8862351500453 40.8466136018469, -73.88630395120147 40.84664785959683, -73.88626280458823 40.84670312461)))",215,Outdoor,X236,15,X,Mapes Pool,Wading,550.665802002,93.9011378513
"MULTIPOLYGON (((-73.94230554317237 40.82469081918041, -73.9424361262852 40.824514932971155, -73.94243612702446 40.82451407840103, -73.94243950179134 40.82451151727466, -73.94244062795035 40.82451151783678, -73.94244287700418 40.82450981071888, -73.94244625073935 40.824509812402766, -73.94244737526662 40.824508958393544, -73.94245299776338 40.82450896119954, -73.94245412081243 40.824509816330455, -73.94245749454761 40.82450981801401, -73.94245974183211 40.82451152737589, -73.94246086562023 40.824511527936636, -73.94263845729289 40.82458592712535, -73.94264070532127 40.82458678191354, -73.94264182882367 40.824588490712856, -73.9426440768521 40.82458934550099, -73.94264520035462 40.82459105430027, -73.94264632340675 40.82459191032979, -73.94264744691014 40.82459361822856, -73.9426474454378 40.8245953264683, -73.94264856730534 40.8245961815967, -73.94264856583304 40.824597889836454, -73.94264969052124 40.82459959863623, -73.94264968610439 40.824604723355435, -73.9426485584715 40.82460643103505, -73.94264855773497 40.82460728560517, -73.94264743365835 40.82460899328659, -73.94260803429154 40.82466022179822, -73.94241568194373 40.824752372688764, -73.94240443542972 40.82475407621302, -73.94231789081041 40.82471388795409, -73.94231564278267 40.82471303225913, -73.94231339549506 40.82471132289451, -73.94231227199909 40.824709614092036, -73.94231002589788 40.824707903827445, -73.9423066554105 40.8247027774199, -73.94230665689003 40.82470107098121, -73.94230553576679 40.8246993603789, -73.94230554317237 40.82469081918041)))",216,Outdoor,M014,7,M,Jackie Robinson,Wading,4793.65260315,273.35995006
"MULTIPOLYGON (((-74.00309509714769 40.64695344205746, -74.00276651438047 40.64675699345922, -74.00280239850149 40.646723680634004, -74.00281473393123 40.646714284329484, -74.0028281901511 40.646704887996066, -74.00284276841563 40.64669720171673, -74.00285846747002 40.64668951270617, -74.00287416659441 40.6466835328763, -74.00289098772839 40.64667840760757, -74.00290780775194 40.64667499061878, -74.00292575096883 40.6466724290909, -74.00294369303963 40.646670718549636, -74.00296163514754 40.64666986529858, -74.00297957851343 40.64667071762551, -74.002996399943 40.646672427271874, -74.00301434224355 40.646675842467204, -74.00303116379159 40.646680112280784, -74.00304798419864 40.64668523668334, -74.00306368503642 40.64669121570472, -74.00307826398016 40.64669890303634, -74.00309284060226 40.64670744405709, -74.00310629998125 40.64671598600671, -74.00311863510274 40.646726234466556, -74.00313882226052 40.646748442488644, -74.00314667193129 40.64676040025067, -74.00315452282749 40.64677321260351, -74.00316012977237 40.64678602501755, -74.0031634951696 40.64679969118386, -74.0031657385501 40.64681250369001, -74.0031668599941 40.64682616991794, -74.00316686064279 40.64683983707722, -74.00316461969938 40.64685350339766, -74.00316125559422 40.64686716974889, -74.00315564985426 40.64687998247065, -74.00314892095084 40.64689279432235, -74.0031410723901 40.64690475341383, -74.00313210184709 40.646916711634795, -74.00312200928134 40.64692781619463, -74.00309509714769 40.64695344205746)))",217,Outdoor,B087,38,B,Sunset,Wading,6680.49841309,322.347484536
"MULTIPOLYGON (((-73.77160741943847 40.756945945270054, -73.77154389134216 40.756921070634505, -73.77160785144471 40.75681995153123, -73.77167285589117 40.756845953792954, -73.77160741943847 40.756945945270054)))",246,Outdoor,Q364,19,Q,Marie Curie Park Pool,Mini,818.404922485,121.71769667
"MULTIPOLYGON (((-74.00202304319643 40.64748987735206, -74.0023291977009 40.647672661356786, -74.00233143938019 40.64767436959355, -74.00233256143206 40.647676077853006, -74.00233368345404 40.64767693152107, -74.00233368348393 40.647677786112396, -74.00233480435365 40.64767949437183, -74.00233480465255 40.64768803578275, -74.00233256190982 40.64768974411043, -74.00233256196957 40.64769145239263, -74.00232919844638 40.6476940153343, -74.00230677006473 40.647717931736864, -74.00229443558956 40.64772818167668, -74.00226752134266 40.647745265932706, -74.00223612253993 40.64775893370537, -74.0022204218945 40.647764057955555, -74.00220360158941 40.64776832853426, -74.00218565923247 40.64777089175015, -74.00216883768559 40.6477734549421, -74.00215089408853 40.64777430987045, -74.0021329504637 40.647774310204646, -74.00211612996075 40.6477726013327, -74.0020981874381 40.64777003968843, -74.00208136570154 40.647766623429746, -74.0020645439403 40.647762352577274, -74.00204772212878 40.6477563743407, -74.00203314430709 40.647750395161474, -74.002018565254 40.64774270769828, -74.00200398617865 40.647734166542364, -74.00199165106756 40.64772477165498, -74.00197931356993 40.64771452217489, -74.00196922124366 40.647704271754584, -74.00195912768807 40.647692313951715, -74.00195127814546 40.64768120980071, -74.0019445481832 40.64766839734803, -74.0019389413976 40.647655584876055, -74.00193445542354 40.64764277418595, -74.00193221104456 40.647629107065626, -74.0019310910222 40.64761543992637, -74.00193109062666 40.64760177366878, -74.00193220988191 40.6475889601827, -74.00193557545751 40.647575294769034, -74.00194005949997 40.64756248212667, -74.00194678870298 40.64754966944615, -74.00195351674616 40.647537711356605, -74.0019624875839 40.64752575322839, -74.00198267209662 40.647503545213404, -74.00200173599436 40.647488169442674, -74.00200285795766 40.64748731483173, -74.0020039787387 40.647486461121375, -74.00200509954543 40.647486461101835, -74.00200622150865 40.647485606490925, -74.00200846548655 40.64748560645177, -74.0020095850852 40.64748475184081, -74.00201407185867 40.64748475176232, -74.00201519269112 40.64748560633408, -74.00201743548675 40.64748560629478, -74.00201967833404 40.64748731453757, -74.00202079914078 40.647487314517896, -74.00202304317052 40.647489022760666, -74.00202304319643 40.64748987735206)))",218,Outdoor,B087,38,B,Sunset Park,Wading,7178.88894653,329.590729035
"MULTIPOLYGON (((-73.93929173097892 40.70199231965841, -73.93956344286326 40.701973558198375, -73.93957212018495 40.702077400800576, -73.93957673920423 40.70213267755599, -73.93957726595377 40.70213898321789, -73.9394451098058 40.70214763432484, -73.93931256076002 40.702156310287265, -73.93930865933531 40.70215656487607, -73.93930325112308 40.7021040882863, -73.93929265874645 40.7020013081587, -73.93929173097892 40.70199231965841)))",219,Outdoor,B310,34,B,Bushwick Pool,Intermediate,4526.76141357,270.813975666
"MULTIPOLYGON (((-74.00575448529534 40.729913936863184, -74.00558131908686 40.729894363829246, -74.00562809776189 40.72962021703947, -74.00580360265816 40.7296433504967, -74.00575448529534 40.729913936863184)))",220,Outdoor,M038,3,M,Tony Dapolito Pool,Intermediate,4898.09100342,298.125009959
"MULTIPOLYGON (((-73.93353726402825 40.84285187314309, -73.93353165567578 40.84283734946101, -73.93391795013277 40.842317403383575, -73.93393595013053 40.84231228808751, -73.93420801379189 40.84242775173413, -73.93421362175397 40.842443983619496, -73.93382958454062 40.84295880816454, -73.93381045941142 40.84296477556478, -73.93353726402825 40.84285187314309)))",221,Outdoor,M037,10,M,Highbridge,Wading,21051.218277,628.043172309
"MULTIPOLYGON (((-73.77464744602112 40.79208144797279, -73.77477718388967 40.79226790582518, -73.77467925544555 40.79231298362243, -73.77461548431982 40.79222744440365, -73.77449277245111 40.79228955702379, -73.7744155920395 40.79218178414612, -73.77462718238698 40.79209165878015, -73.77464744602112 40.79208144797279)))",222,Outdoor,Q458,19,Q,Totten Pool,Intermediate,4261.29458618,303.792622733
"MULTIPOLYGON (((-73.93942195973301 40.81301760459302, -73.93931197838853 40.81297021120259, -73.93944564866158 40.812791152718596, -73.93955562980447 40.81283854688339, -73.93942195973301 40.81301760459302)))",223,Indoor,M131,9,M,Hansborough Pool,Intermediate,2624.9984436,219.999988843
"MULTIPOLYGON (((-73.96523512712491 40.75649985778592, -73.96514787129142 40.75662000203598, -73.96497724354374 40.75654833310964, -73.96506450550416 40.756428204298004, -73.96523512712491 40.75649985778592)))",224,Indoor,M130,5,M,Recreation Center 54 Pool,Intermediate,2700.19371033,208.007430419
"MULTIPOLYGON (((-74.0744260066376 40.63701642067428, -74.07419412655466 40.63703941489477, -74.0741558498576 40.63677748937041, -74.07439173486122 40.636760583746614, -74.0744260066376 40.63701642067428)))",225,Outdoor,R043,49,R,Lyons,Diving,6195.55717468,320.365546503
"MULTIPOLYGON (((-73.98889991631764 40.771443024798835, -73.98879429531148 40.77158605229365, -73.98868499138774 40.77154014927093, -73.98878973267273 40.77139599616076, -73.98889991631764 40.771443024798835)))",226,Indoor,M063,6,M,Gertrude Ederle Pool,Intermediate,2083.42388916,189.347582971
"MULTIPOLYGON (((-73.96044558102045 40.71500614105379, -73.96037876663927 40.715097129963524, -73.96014794947753 40.71499968890909, -73.96020641563837 40.71491293054617, -73.96044558102045 40.71500614105379)))",227,Indoor,B085,34,B,Metropolitan Pool,Intermediate,2712.4080658,221.162826891
"MULTIPOLYGON (((-73.9243317391972 40.83187011841632, -73.92424432794945 40.83202191056841, -73.92399724785112 40.8319389213931, -73.9240810214763 40.831789887948425, -73.9243317391972 40.83187011841632)))",228,Outdoor,X034,16,X,Mullaly Pool,Intermediate,4478.86959839,269.452502502
"MULTIPOLYGON (((-73.92436334618219 40.83178990956443, -73.92428887954301 40.831762107451574, -73.92432880687552 40.831702664077504, -73.9244080172112 40.83173227026389, -73.92436334618219 40.83178990956443)))",229,Outdoor,X034,16,X,Mullaly Pool,Wading,575.945907593,96.0742602709
"MULTIPOLYGON (((-73.9428721714268 40.80513046258067, -73.94289565724564 40.8052688457336, -73.94278549051661 40.8052781860119, -73.94274055574844 40.805244853358026, -73.94273161548243 40.805184204838305, -73.94275975489545 40.805140657193206, -73.9428721714268 40.80513046258067)))",230,Outdoor,M058,9,M,Marcus Garvey Pool,Diving,1946.94241333,170.160900642
"MULTIPOLYGON (((-73.94389242993952 40.804986681266804, -73.94390359224545 40.804996403828966, -73.94391248699326 40.80500739419645, -73.94391886966926 40.80501935024908, -73.94392256481513 40.80503194332028, -73.94392347085136 40.80504482723195, -73.94392156286979 40.805057647810685, -73.94391689331846 40.805070052623925, -73.94390959056005 40.8050817006681, -73.9438998553434 40.80509227174276, -73.94388795528506 40.80510147525283, -73.94387421751273 40.805109058197, -73.94385901967264 40.80511481212263, -73.94384277954818 40.80511857885622, -73.94382594357504 40.80512025485142, -73.94380897456877 40.805119794035676, -73.94379233900204 40.805117209076684, -73.94377649418125 40.805112571034115, -73.94376187567522 40.805106007406295, -73.94374888534148 40.80509769862518, -73.9437381373994 40.80508731782443, -73.94372985238047 40.805075706320736, -73.94372426854098 40.80506319803352, -73.94372154645734 40.80505015267151, -73.94372176440848 40.805036945388096, -73.94372491612492 40.80502395599298, -73.94373091096928 40.80501155802974, -73.94373957654291 40.80500010803351, -73.94375066364387 40.80498993527812, -73.94376385343348 40.80498133230693, -73.94377876660539 40.804974546520015, -73.94379497429343 40.80496977305978, -73.94381201040473 40.80496714919896, -73.9438293850233 40.80496675039326, -73.94384659849867 40.80496858811135, -73.94386315581426 40.80497260950502, -73.94387858082293 40.80497869892906, -73.94389242993952 40.804986681266804)))",231,Outdoor,M058,9,M,Marcus Garvey Pool,Wading,2456.91757202,175.935242144
"MULTIPOLYGON (((-73.91132173775014 40.76079550198099, -73.91125808600428 40.760762987059685, -73.9113338054693 40.76066937572952, -73.91139605755818 40.760700825136055, -73.91132173775014 40.76079550198099)))",232,Outdoor,Q014,22,Q,PS 10 Pool,Mini,840.33102417,122.159303684
"MULTIPOLYGON (((-74.00211124195569 40.74837807390652, -74.00192827987186 40.74830183485846, -74.00200853309536 40.748190441771314, -74.00219149496512 40.74826668159363, -74.00211124195569 40.74837807390652)))",233,Indoor,M260,3,M,Chelsea Pool,Intermediate,2675.05961609,208.164983772
"MULTIPOLYGON (((-73.96518981197781 40.75654472978259, -73.96503295012468 40.756476861626844, -73.96512934084232 40.75634803755569, -73.96528620249029 40.756415905581434, -73.96518981197781 40.75654472978259)))",234,Indoor,M130,5,M,Recreation Center 59 Pool,Intermediate,2700.00413513,208.000174708
"MULTIPOLYGON (((-73.83812069670134 40.7521642759763, -73.83760234351743 40.75194693652913, -73.83774524028371 40.751749840362336, -73.83826359358429 40.751967179174294, -73.83812069670134 40.7521642759763)))",235,Indoor,Q099,21,Q,Flushing Meadows Corona Park Pool & Rink,Olympic,13447.9808807,491.99980164
"MULTIPOLYGON (((-73.83758862545363 40.75193956274508, -73.83707027575423 40.75172222089656, -73.8372131736127 40.7515251253834, -73.8377315234288 40.751742466596724, -73.83758862545363 40.75193956274508)))",236,Indoor,Q099,21,Q,Flushing Meadows Corona Park Pool & Rink,Diving,13447.9809113,491.999801666
"MULTIPOLYGON (((-73.77459923591847 40.79237945089427, -73.77460035048688 40.79238201500562, -73.7746003273526 40.792388847978856, -73.77459919543325 40.79239140859743, -73.77459918675937 40.792393970512165, -73.77459805654529 40.79239567745701, -73.77459692462881 40.792398237175085, -73.77459467117505 40.79239994102276, -73.77459354096386 40.792401647067024, -73.7745845271474 40.79240846245715, -73.77458227658349 40.7924093126332, -73.77457889870135 40.79241101428139, -73.77457664932521 40.79241186355917, -73.77457327552132 40.79241271063763, -73.77456990342309 40.79241270404231, -73.77456765167096 40.79241355511622, -73.77456090984427 40.79241354192977, -73.77455866388577 40.79241268205871, -73.77455529297244 40.79241267546527, -73.7745519237651 40.79241181519802, -73.77454967898558 40.792410957130066, -73.77454631096634 40.79241009596449, -73.77454406908095 40.79240838332454, -73.77454182311979 40.79240752435368, -73.77453285676155 40.79240067469615, -73.77453174101358 40.79239810968135, -73.77453062355333 40.792396400141264, -73.77452839205783 40.79239127011158, -73.77452841520257 40.79238443623787, -73.77452730063689 40.79238187212583, -73.77452731510202 40.792377601067315, -73.77452957893959 40.79237248163251, -73.7745295876192 40.79236991881731, -73.77453184225843 40.7923682149732, -73.77453297536486 40.79236565435762, -73.77453522763415 40.79236395050881, -73.77453635784313 40.79236224536557, -73.774540864754 40.79235883677195, -73.77454424263446 40.7923571351248, -73.77454649319711 40.79235628494955, -73.77454986989243 40.79235458329991, -73.77455212045182 40.792353734025035, -73.7745554954379 40.7923528869495, -73.7745588663482 40.79235289354292, -73.77456111809535 40.792352043369654, -73.77456785991582 40.79235205655608, -73.77457122793238 40.79235291772109, -73.77457460002759 40.79235292431638, -73.77457684599037 40.79235378238613, -73.77458358321189 40.792355503817305, -73.7745858250965 40.792357216456445, -73.77458806868682 40.79235807542188, -73.77459143618633 40.7923597893618, -73.77459367688343 40.792361502899, -73.77459479552651 40.792363213341304, -73.77459703452139 40.79236577965169, -73.77459815197979 40.79236749009166, -73.77459923591847 40.79237945089427)))",247,Outdoor,Q458,19,Q,Totten Pool,Wading,361.457489014,68.4903052524
"MULTIPOLYGON (((-73.97061762023354 40.69045107050077, -73.97054377518172 40.69046004414807, -73.97052757945087 40.69034987751617, -73.9705999450806 40.69034202734174, -73.97061762023354 40.69045107050077)))",248,Outdoor,B253,35,B,PS 20 Playground Pool,Mini,823.965621948,121.425674741
"MULTIPOLYGON (((-73.98086898806906 40.71994234148102, -73.98099356285502 40.71969606729029, -73.98099463397571 40.71969609178091, -73.9809967738456 40.71969615607033, -73.9809989125263 40.71969624017072, -73.9810010500183 40.71969634228107, -73.98100318632109 40.719696464202386, -73.98100532025158 40.71969660413349, -73.98100745180908 40.719696764775875, -73.98100958099457 40.71969694252751, -73.98101170662402 40.71969713918923, -73.98101276825312 40.71969724472396, -73.98101489032362 40.71969747020135, -73.98101700765456 40.719697714588655, -73.98101912142936 40.71969797788599, -73.98102123046479 40.719698259192754, -73.98102228498047 40.71969840705016, -73.98102438690637 40.71969871717197, -73.98102648527667 40.71969904440286, -73.98102753150073 40.71969921567213, -73.98102962276124 40.71969957261858, -73.9810317069155 40.719699946673536, -73.98103274721538 40.71970014045451, -73.98103482307677 40.71970054242386, -73.98103689064779 40.71970096330249, -73.98103895466305 40.71970140219068, -73.9810399831181 40.719701628388, -73.98104203528979 40.719702095190044, -73.98104408035525 40.719702579100506, -73.98104611831393 40.71970308192048, -73.98104814679928 40.719703601848536, -73.98105016936142 40.71970414068631, -73.98105218245023 40.71970469663214, -73.98105418724872 40.71970527148729, -73.98105618139027 40.719705863450365, -73.98105816842559 40.719706472521914, -73.98105915898256 40.71970678336074, -73.98106014598731 40.71970709960207, -73.9810621140757 40.71970774379031, -73.98106309279167 40.71970807353785, -73.98106504548626 40.7197087438383, -73.98106698634044 40.719709431246464, -73.9810689177212 40.719710135762675, -73.9810708372613 40.719710858287115, -73.98107179347883 40.71971122585234, -73.9810736964421 40.71971197268777, -73.98107558874793 40.71971273843214, -73.98107746803049 40.7197135185825, -73.98107933665618 40.719714315840754, -73.98108119225803 40.719715129306024, -73.98108211532279 40.71971554279166, -73.98108395198048 40.719716381468025, -73.9810857756144 40.71971723635144, -73.98108758504068 40.71971810834214, -73.98108938144377 40.71971899473884, -73.98109116482271 40.71971989824307, -73.98109205118479 40.71972035494709, -73.98109381325322 40.71972128096049, -73.98109556111436 40.719722223180746, -73.98109729476862 40.71972317980676, -73.98109901421556 40.71972415263962, -73.98109986742789 40.71972464445804, -73.9811015631972 40.71972563979969, -73.98110324357577 40.71972665044747, -73.98110490856399 40.719727675500835, -73.98110573454694 40.719728193429546, -73.98110737704114 40.71972924099193, -73.98110900177795 40.71973030205907, -73.98111060994087 40.71973137753161, -73.98111220152977 40.719732467409514, -73.981113777728 40.71973357259358, -73.98111533616924 40.71973469038184, -73.98111687685291 40.719735822575345, -73.9811176412758 40.71973639272342, -73.9811191559155 40.71973754472379, -73.98112065279787 40.719738710228896, -73.98112213310655 40.71973988923896, -73.98112359329107 40.71974108085278, -73.98112503571855 40.71974228507083, -73.98112646038875 40.719743502793584, -73.98112786611867 40.7197447322199, -73.98112925172462 40.71974597334946, -73.98112993920003 40.71974659931642, -73.98113062075683 40.71974722798396, -73.98113196848188 40.719748493421086, -73.98113329726607 40.719749772362675, -73.98113460592657 40.71975106210714, -73.98113589446321 40.71975236355488, -73.98113716405969 40.71975367580566, -73.98113841353207 40.719755000660214, -73.98113964169771 40.71975633451639, -73.98114085092273 40.71975768097658, -73.98114144724946 40.719758357357094, -73.98114262333036 40.719759719120496, -73.98114378047141 40.71976109078641, -73.98114491512165 40.71976247325473, -73.98114602846518 40.71976386472463, -73.98114657744294 40.719764563610134, -73.98114712050177 40.71976526609669, -73.98114819241498 40.71976667737099, -73.98114924065399 40.719768098547064, -73.98115026876992 40.71976952872491, -73.98115077395038 40.7197702465139, -73.9811517689226 40.71977169019394, -73.98115274140481 40.719773141974876, -73.98115321817663 40.71977387056535, -73.98115415869879 40.719775335848695, -73.98115507318039 40.71977680833185, -73.98115596753888 40.71977828981681, -73.98115683822402 40.719779778501966, -73.98115768641911 40.719781275288014, -73.98115851212438 40.71978277927446, -73.98115931415629 40.71978429046112, -73.98116009133156 40.71978580794724, -73.98116084838415 40.71978733263413, -73.981161217441 40.71978809812782, -73.98116193780027 40.719789632714345, -73.98116263567022 40.71979117270024, -73.9811633074994 40.71979272078644, -73.98116395683958 40.71979427337152, -73.98116458369019 40.71979583225649, -73.98116518450102 40.719797395639695, -73.98116547780454 40.71979817913119, -73.98116576282263 40.719798964422324, -73.98116631747129 40.719800538604154, -73.9811668472636 40.719802118184916, -73.98116735219993 40.719803701363674, -73.98116759579081 40.71980449475265, -73.98116806403453 40.71980608512948, -73.9811685097892 40.71980768000518, -73.9811689295046 40.71980927757816, -73.98116932554768 40.719810878749286, -73.9811696967348 40.719812483518396, -73.98117004306599 40.71981409188547, -73.9811703657253 40.71981570204973, -73.98117066234484 40.71981731671221, -73.98117093529277 40.71981893227139, -73.9811711822012 40.71982055142832, -73.98117140662158 40.71982217148205, -73.98117150817902 40.71982298375852, -73.98117169354063 40.7198246074079, -73.98117185523061 40.71982623195397, -73.98117199088155 40.71982785829676, -73.98117210286092 40.71982948553621, -73.9811721487901 40.71983029960456, -73.98117222171119 40.719831928638655, -73.98117226977732 40.71983355766867, -73.98117229535539 40.71983518759553, -73.98117229371114 40.7198368184184, -73.98117228401286 40.71983763157714, -73.98117226721267 40.71983844653577, -73.98117221704256 40.719840075549705, -73.98117214083395 40.71984170455937, -73.98117203858708 40.71984333266431, -73.9811719138529 40.71984495896454, -73.98117184142548 40.71984577211299, -73.98117167881783 40.71984739570552, -73.98117149135494 40.719849020194474, -73.98117127785432 40.71985064197764, -73.98117104068305 40.71985226105541, -73.98117077747379 40.71985387832785, -73.98117049059358 40.71985549379545, -73.98117017885944 40.719857105656956, -73.98116984227087 40.71985871571335, -73.98116966450878 40.719859518038476, -73.98116929123105 40.7198611226858, -73.9811688942829 40.719862723727225, -73.98116847129698 40.71986432206286, -73.98116802464095 40.71986591589207, -73.9811675531312 40.719867505214665, -73.98116705795108 40.71986909093136, -73.98116653791745 40.7198706712409, -73.98116599421343 40.71987224794455, -73.98116542683955 40.71987381924126, -73.98116483342865 40.719875385130635, -73.98116421871467 40.719876946513985, -73.98116390129815 40.71987772450248, -73.98116324989604 40.71987927687473, -73.98116257482428 40.71988082293954, -73.98116187489885 40.71988236449771, -73.98116151724389 40.719883131673534, -73.9811611524878 40.719883897947646, -73.98116040759068 40.719885425090276, -73.98115963784034 40.71988694592531, -73.98115884442042 40.71988846045288, -73.98115802969865 40.71988996597185, -73.98115719130678 40.7198914669844, -73.98115632924628 40.71989295808745, -73.98115544469965 40.71989444288327, -73.9811545376677 40.71989591867029, -73.98115407586737 40.71989665431117, -73.98115313451517 40.71989811838591, -73.98115217186118 40.71989957345211, -73.98115118672166 40.71990102041001, -73.9811501790968 40.71990245835909, -73.98114915016988 40.71990388820015, -73.98114809875793 40.719905308131835, -73.98114702604444 40.71990671815449, -73.98114593084566 40.719908119168295, -73.98114537555402 40.71990881607191, -73.98114424958692 40.71991020087151, -73.98114310231756 40.719911578463545, -73.98114193374717 40.71991294434543, -73.9811407450591 40.7199142994179, -73.98113953506953 40.71991564458126, -73.98113892179121 40.71991631175852, -73.98113768103359 40.71991763980712, -73.98113642134157 40.71991895794702, -73.98113513916522 40.71992026347609, -73.98113383805479 40.7199215581959, -73.98113251801048 40.71992284120597, -73.9811311778487 40.719924112506135, -73.98112981875309 40.71992537209651, -73.9811284395403 40.719926619076446, -73.98112774342567 40.71992723761254, -73.98112633581216 40.71992846657759, -73.98112491044866 40.7199296829326, -73.98112346496823 40.719930885776655, -73.98112200292134 40.71993207601082, -73.98112052194082 40.71993325363473, -73.9811190232105 40.71993441774807, -73.98111826792888 40.719934994850945, -73.9811175067304 40.71993556835081, -73.98111597368411 40.719936705443196, -73.98111442170446 40.7199378290248, -73.98111364038981 40.71993838631218, -73.98111206356123 40.71993948827745, -73.98111046898258 40.719940577632606, -73.98110885902153 40.719941652577084, -73.98110723131099 40.71994271311048, -73.9811055905854 40.71994375833309, -73.98110393092678 40.719944789144364, -73.98110225588549 40.71994580644545, -73.98110056782944 40.71994680753518, -73.98109886320775 40.719947793313516, -73.98109714320361 40.71994876468117, -73.98109540781739 40.71994972073756, -73.98109365823255 40.71995066148295, -73.98109277870753 40.719951126001554, -73.981091007825 40.719952043330174, -73.98108922511135 40.719952944447634, -73.98108742583196 40.71995383025367, -73.98108561472142 40.71995469984853, -73.98108378941261 40.71995555323189, -73.98108287320899 40.719955974519934, -73.98108102897012 40.71995680268588, -73.98107917171629 40.71995761554094, -73.98107730381504 40.71995841128455, -73.98107542289915 40.71995919081688, -73.98107352896851 40.719959954137785, -73.98107162557437 40.719960699446936, -73.98106970916555 40.71996142854476, -73.98106778329293 40.71996214053129, -73.98106584677276 40.71996283630688, -73.98106389842218 40.7199635131698, -73.98106292069774 40.71996384619755, -73.9810619394238 40.71996417472224, -73.98105997214601 40.71996481646207, -73.98105799422063 40.71996544199094, -73.9810560068313 40.71996605130904, -73.98105401116248 40.71996664081451, -73.98105300859547 40.719966929713195, -73.98105099991477 40.719967493101684, -73.98104898058706 40.71996803847824, -73.98104695534629 40.71996856674408, -73.98104492064232 40.719969076097634, -73.9810428788417 40.71996956834029, -73.98104082876148 40.71997004167082, -73.98103877276847 40.71997049699017, -73.98103670849562 40.71997093429793, -73.98103463949354 40.71997135359465, -73.98103256339537 40.71997175397951, -73.98103048020089 40.71997213635292, -73.98102839346107 40.71997249981501, -73.98102630080844 40.71997284526589, -73.98102525093353 40.719973010786696, -73.98102315118742 40.719973328320535, -73.98102104552878 40.719973626942675, -73.98101893514131 40.719973906653316, -73.98101682120816 40.7199741683531, -73.98101576305996 40.719974292448995, -73.98101364321742 40.719974524430945, -73.98101151864547 40.71997473930241, -73.98100939289561 40.7199749343624, -73.98100832883898 40.719975025138346, -73.98100726360013 40.71997511141157, -73.98100513194315 40.71997526864909, -73.98100406434118 40.71997534051373, -73.98100299792411 40.71997540787602, -73.98100086272714 40.71997552729149, -73.98099872398464 40.71997562869614, -73.98099658524775 40.71997571028954, -73.9809944441488 40.71997577387228, -73.98099337419332 40.71997579800942, -73.98099123310264 40.719975832775816, -73.98098909201737 40.71997584863148, -73.9809869485703 40.71997584557599, -73.98098480749601 40.719975822709664, -73.98098373755262 40.719975804522754, -73.98098266642693 40.719975781833064, -73.98098052536324 40.71997572204577, -73.98097945660902 40.71997568404779, -73.98097731792068 40.7199755954445, -73.98097518042134 40.71997548793065, -73.9809730452945 40.719975361506435, -73.98097091135695 40.719975215271205, -73.98096878097522 40.719975051026296, -73.98096665296606 40.71997486787102, -73.98096452732942 40.71997466580542, -73.98096240524872 40.71997444573017, -73.98096028672435 40.719974205844245, -73.98095817175619 40.71997394704817, -73.9809560603441 40.719973669341954, -73.98095500819055 40.71997352418582, -73.98095290388765 40.71997321946543, -73.98095080550831 40.71997289493475, -73.98094871068456 40.719972553294966, -73.98094662178462 40.71997219094433, -73.980944539991 40.71997181148521, -73.98094246175332 40.71997141401645, -73.98094142500351 40.71997120852858, -73.98094039062244 40.719970997638065, -73.98093935860956 40.719970783145904, -73.9809383277818 40.71997056325089, -73.98093729695506 40.71997033975376, -73.98093626849725 40.719970109953515, -73.98093421868623 40.71996963954797, -73.98093217479848 40.71996915023269, -73.98093014038453 40.71996864290878, -73.98092811189358 40.7199681175756, -73.98092609287616 40.71996757513423, -73.98092508691997 40.71996729761057, -73.98092307974623 40.71996672725533, -73.98092108204607 40.71996613979197, -73.98091909381967 40.71996553431992, -73.98091711388342 40.71996491083903, -73.98091514578755 40.719964271150886, -73.98091318479862 40.71996361255319, -73.98091123565004 40.719962937748214, -73.98090929715856 40.71996224583532, -73.98090833146559 40.71996189267539, -73.98090640836807 40.719961174650216, -73.98090449711121 40.71996043951726, -73.98090259651141 40.71995968727638, -73.98090070775206 40.719958918828254, -73.98089883083328 40.719958133272385, -73.98089696812217 40.71995733150966, -73.9808951148842 40.71995651353931, -73.98089327467054 40.719955678461396, -73.98089144866437 40.71995482717659, -73.9808896344984 40.719953960585144, -73.98088783454021 40.719953076886284, -73.98088604878927 40.719952177881126, -73.9808842760621 40.719951263569385, -73.98088339561832 40.71995079966068, -73.98088164301863 40.71994986193903, -73.98087990699364 40.719948908010885, -73.98087818399237 40.71994793877627, -73.9808773295947 40.719947448757075, -73.98087562908786 40.719946457013386, -73.98087394633869 40.719945450864465, -73.98087227661327 40.71994442940901, -73.98087062346228 40.71994339264762, -73.98086898806906 40.71994234148102)))",237,Outdoor,M033,2,M,Hamilton Fish,Wading,5779.09837341,290.880630589
"MULTIPOLYGON (((-74.08163473441772 40.595248354135435, -74.08150344312473 40.595297119700206, -74.0814741900958 40.595245687257155, -74.08160730938963 40.59519831083502, -74.08163473441772 40.595248354135435)))",238,Outdoor,R063,50,R,PS 46 Playground Pool,Mini,816.526229858,121.542655124
"MULTIPOLYGON (((-74.07933506084417 40.62288650671552, -74.0792537601362 40.62291135052024, -74.07921459595687 40.62280478919853, -74.07928288617154 40.622782432626984, -74.07933506084417 40.62288650671552)))",239,Outdoor,R061,49,R,PS 14 Playground Pool,Mini,905.69708252,125.855521621
"MULTIPOLYGON (((-74.10069048361468 40.5858615006585, -74.10058511780214 40.585935454832075, -74.1005331018403 40.58589648424983, -74.1006419844412 40.58581807665329, -74.10069048361468 40.5858615006585)))",240,Outdoor,R067,50,R,General Douglas Pool,Mini,834.02432251,122.415721348
"MULTIPOLYGON (((-74.16508363763572 40.6308108673757, -74.16500718904759 40.630809556092856, -74.16501250473725 40.63069732553351, -74.16508522872586 40.63070006228221, -74.16508363763572 40.6308108673757)))",241,Outdoor,R068,49,R,Mariner's Harbor Playground Pool,Mini,841.840591431,122.722530315
"MULTIPOLYGON (((-74.11944806955731 40.637234968357866, -74.11923242026316 40.63725070992344, -74.11919730549157 40.637045369317136, -74.11941535024698 40.63702962622923, -74.11944806955731 40.637234968357866)))",242,Outdoor,R109,49,R,West Brighton Pool,Intermediate,4556.45521545,271.717857572
"MULTIPOLYGON (((-74.11905146297984 40.63723446653642, -74.11896041596245 40.63724368843169, -74.11894951448997 40.637177979786586, -74.11903577198854 40.637169675084415, -74.11905146297984 40.63723446653642)))",243,Outdoor,R109,49,R,West Brighton Pool,Wading,596.694198608,97.7557707063
"MULTIPOLYGON (((-73.91080333744223 40.74754352813192, -73.91066046597098 40.7475277873065, -73.91067081647209 40.74747345965715, -73.91081368546119 40.74748920046805, -73.91080333744223 40.74754352813192)))",244,Outdoor,Q031,26,Q,Windmuller Pool,Mini,800.001998901,120.000289618
"MULTIPOLYGON (((-73.72072214540002 40.749814529453076, -73.72057874946924 40.749838644952085, -73.72056436146931 40.7497830107239, -73.72070774796423 40.7497611185806, -73.72072214540002 40.749814529453076)))",245,Outdoor,Q327,23,Q,PS 186 Playground Pool,Mini,822.630432129,121.734102369
"MULTIPOLYGON (((-73.93233424445818 40.69171475493008, -73.93218162794483 40.69173149838946, -73.93217431445909 40.691674259254796, -73.9323225096292 40.691655268225354, -73.93233424445818 40.69171475493008)))",249,Outdoor,B269,36,B,JHS 57/HS 26 Pool,Mini,904.0831604,127.303423209
"MULTIPOLYGON (((-73.91137099992315 40.612462959919625, -73.91132872898572 40.61250773187088, -73.91121273976343 40.61243871100837, -73.91125651583064 40.61239508752603, -73.91137099992315 40.612462959919625)))",250,Outdoor,B329,46,B,Lindower Park Pool,Mini,813.071289063,121.233005381
"MULTIPOLYGON (((-73.92027542451329 40.63653137767454, -73.92021485875141 40.636561122141075, -73.92013677259261 40.63646884215571, -73.92019733830233 40.63643910043158, -73.92027542451329 40.63653137767454)))",251,Outdoor,B236,45,B,Glenwood Houses Pool,Mini,799.982635498,119.998768724
"MULTIPOLYGON (((-73.92378185491351 40.632802874693795, -73.92370844216379 40.63280449556987, -73.92370199371415 40.632694306417, -73.9237775978124 40.632692687898285, -73.92378185491351 40.632802874693795)))",252,Outdoor,B248,46,B,David Fox/PS 251 Pool,Mini,831.08770752,121.724174757
"MULTIPOLYGON (((-73.98572819111946 40.68028134586161, -73.9856519956372 40.680248009250874, -73.98568767795165 40.680187532450866, -73.98576387364646 40.680219633532616, -73.98572819111946 40.68028134586161)))",253,Outdoor,B145,33,B,Douglas and DeGraw Pool,Wading,588.384033203,97.248938072
"MULTIPOLYGON (((-73.98596160612252 40.680551690060675, -73.9857703042539 40.68047760736544, -73.98589194512724 40.68029123929531, -73.98608324397294 40.68036655639475, -73.98596160612252 40.680551690060675)))",254,Outdoor,B145,33,B,Douglas and DeGraw Pool,Intermediate,4508.96496582,270.501039939
"MULTIPOLYGON (((-73.84536707865352 40.884283183107705, -73.84532380503076 40.8843274011962, -73.8452119641725 40.884254638646986, -73.84525990018027 40.884212197209216, -73.84536707865352 40.884283183107705)))",255,Outdoor,X165,12,X,Edenwald Houses Pool,Mini,808.263504028,120.5025193
"MULTIPOLYGON (((-73.87781219425945 40.83425226049112, -73.8776361865155 40.834163227447895, -73.877705376488 40.834092649798656, -73.87787574738039 40.834180606080196, -73.87781219425945 40.83425226049112)))",256,Outdoor,X159,18,X,Bronx River Playground Pool,Mini,1833.92869568,179.060947686
"MULTIPOLYGON (((-73.90734520726387 40.83904326625315, -73.90726476174993 40.839017732933314, -73.90730509509632 40.83895154933765, -73.90738218623594 40.83897707903571, -73.90734520726387 40.83904326625315)))",257,Outdoor,X008,14,X,Claremont Pool,Wading,625.067932129,100.162402365
"MULTIPOLYGON (((-73.89850608445637 40.8395521584582, -73.89805766235733 40.8403506982501, -73.89803726135024 40.84035663608332, -73.89767854146828 40.84024171707398, -73.89767180711026 40.84022058821638, -73.89811824863115 40.839424030141245, -73.89813746107824 40.83941589854063, -73.89850226470615 40.83953390748847, -73.89850608445637 40.8395521584582)))",258,Outdoor,X010,15,X,Crotona Pool,Olympic,38115.6339722,875.931009754
"MULTIPOLYGON (((-73.96748780474412 40.796947056354746, -73.9674236438843 40.796922664415185, -73.96749517962533 40.79681153773662, -73.96756402983885 40.7968394906317, -73.96748780474412 40.796947056354746)))",259,Outdoor,M220,8,M,Frederick Douglass Pool,Mini,928.642211914,131.060486016
"MULTIPOLYGON (((-74.0023518271916 40.725635493621205, -74.00223008236986 40.72558187883491, -74.00227231879069 40.72553216450682, -74.00239335451505 40.725585177723524, -74.0023518271916 40.725635493621205)))",260,Outdoor,M069,3,M,Vesuvio Pool,Mini,838.588775635,120.913215275
"MULTIPOLYGON (((-73.9371668200064 40.81215772998089, -73.9371009925037 40.81212981828198, -73.93717352547496 40.812030147526286, -73.937238881034 40.812059488017105, -73.9371668200064 40.81215772998089)))",261,Outdoor,M193,9,M,Abe Lincoln Pool,Mini,863.333648682,124.352009565
"MULTIPOLYGON (((-74.00581296245663 40.72962910938244, -74.00563745686269 40.7296113159552, -74.00565616974332 40.729516967855965, -74.00582699339716 40.729534759690964, -74.00581296245663 40.72962910938244)))",262,Outdoor,M038,3,M,Tony Dapolito Pool,Diving,1679.16967773,166.216444631
"MULTIPOLYGON (((-74.00560254262498 40.72955796612966, -74.00556657177096 40.72973623254522, -74.00531819425993 40.72971354426541, -74.00532521008596 40.72965145207646, -74.00535593026646 40.729662132483966, -74.00535566605022 40.72965912839977, -74.0053561155578 40.72965521026624, -74.00535745406602 40.729651410057876, -74.00535963896935 40.729647844842916, -74.00536260517053 40.72964462178475, -74.00536626034537 40.72964183994353, -74.00537049678017 40.72963958397217, -74.00537518308492 40.72963792141471, -74.0053801772146 40.72963690270633, -74.00538137870234 40.729636761270335, -74.00539026502467 40.729636308799385, -74.00540419895442 40.72963742657792, -74.00544983634573 40.72964410169785, -74.00545062117644 40.72964421152273, -74.00545959399844 40.72964480813482, -74.00546856435517 40.72964421067199, -74.00547726235413 40.72964243715725, -74.00548542402466 40.72963954163379, -74.00549280078762 40.72963561236336, -74.00549916774143 40.7296307673235, -74.00550433313204 40.729625156007955, -74.00550512733373 40.729624069956714, -74.00551740839265 40.72954929203945, -74.00560254262498 40.72955796612966)))",263,Indoor,M103,3,M,Tony Dapolito Pool,Intermediate,2881.46697998,268.648651473
"MULTIPOLYGON (((-73.97564646883559 40.735871171967794, -73.97558391718472 40.7359561702606, -73.9755587328874 40.735959786760596, -73.97526935483786 40.735835353146584, -73.9752512230038 40.735739568538946, -73.97527002637182 40.735713364198844, -73.97530174191161 40.735709709540444, -73.97563833155192 40.73585353920446, -73.97564646883559 40.735871171967794)))",264,Outdoor,M164,4,M,Asser Levy Pool,Intermediate,4943.59716797,303.53784643
"MULTIPOLYGON (((-73.93342483137796 40.842814226227176, -73.9328998167379 40.842590138672016, -73.93330751808688 40.842035186886335, -73.93383365295847 40.84226012781947, -73.93342483137796 40.842814226227176)))",265,Outdoor,M037,10,M,Highbridge Pool,Olympic,38620.0338745,796.634644528
"MULTIPOLYGON (((-73.94292100827147 40.82387604258984, -73.94317447106665 40.82399275136902, -73.94275903608558 40.82454852281652, -73.9427574497336 40.82455006949687, -73.94275553499824 40.82455138433193, -73.942753349644 40.8245524276552, -73.94275095959954 40.824553167991304, -73.94274843696871 40.82455358300545, -73.94274585785534 40.824553660177315, -73.94274330006716 40.82455339717874, -73.94274084076864 40.82455280194399, -73.94251102221351 40.82445547908045, -73.94250816489318 40.824454163586175, -73.94250562826942 40.82445251170459, -73.94250348027094 40.824450567671725, -73.94250177841941 40.82444838354726, -73.94250056828898 40.82444601782025, -73.94249988228592 40.824443533842995, -73.94249973878075 40.824440998134364, -73.94250014161642 40.824438478598616, -73.94292100827147 40.82387604258984)))",266,Outdoor,M014,7,M,Jackie Robinson Pool,Olympic,19532.3111725,636.526797629
"MULTIPOLYGON (((-73.97822154908356 40.69762832494216, -73.97813589578675 40.697631102092004, -73.97813469315318 40.697567774230194, -73.97822157007431 40.69756406618297, -73.97822154908356 40.69762832494216)))",267,Outdoor,B021,35,B,Commodore Barry Pool,Wading,556.149368286,94.3864342325
"MULTIPOLYGON (((-73.97817496579938 40.69789373133343, -73.97789965575097 40.69788529772902, -73.97791072401486 40.697718599705844, -73.978182360187 40.69772889574786, -73.97817496579938 40.69789373133343)))",268,Outdoor,B021,35,B,Commodore Barry Pool,Intermediate,4588.47360229,272.717857479
"MULTIPOLYGON (((-73.98028320426411 40.71950713073769, -73.98030678218096 40.71949859343761, -73.98082651761126 40.71965157422056, -73.98083773857424 40.719669513343085, -73.98072316260485 40.719897551917185, -73.98070183244718 40.7199052359956, -73.98017985060552 40.71975054600153, -73.98016862836815 40.719733461398626, -73.98028320426411 40.71950713073769)))",269,Outdoor,M033,2,M,Hamilton Fish Pool,Olympic,16183.0787811,515.04284271
"MULTIPOLYGON (((-73.91305397810856 40.663344055222886, -73.91246157530675 40.66343184936129, -73.91225673623103 40.6625394533222, -73.91284269357513 40.66245165445142, -73.91305397810856 40.663344055222886)))",270,Outdoor,B008,41,B,Betsy Head Pool,Olympic,54991.1750336,993.541855711
"MULTIPOLYGON (((-73.98102961490892 40.726850108480775, -73.98095792930658 40.72694930841509, -73.9808907035875 40.72692079977341, -73.98096335292091 40.726821125471716, -73.98102961490892 40.726850108480775)))",271,Outdoor,M088,2,M,Tompkins Square Pool,Mini,879.681167603,125.283865377
"MULTIPOLYGON (((-73.94899032897814 40.76971604566275, -73.94886422850777 40.76966484296744, -73.94897179096671 40.76952139541653, -73.94909789124823 40.76957259799519, -73.94899032897814 40.76971604566275)))",272,Outdoor,M045,5,M,John Jay Pool,Diving,2381.26835632,199.513733207
"MULTIPOLYGON (((-73.9488081795674 40.769647059248406, -73.94865499751144 40.76957808455709, -73.94891688479667 40.76923225000871, -73.94907193829934 40.76930051468553, -73.9488081795674 40.769647059248406)))",273,Outdoor,M045,5,M,John Jay Pool,Intermediate,7204.37213135,390.204512798
"MULTIPOLYGON (((-74.00452186829267 40.672689859219645, -74.00436734920872 40.67301741765907, -74.00324378196169 40.67271852432704, -74.00340248159348 40.672381425402705, -74.00452186829267 40.672689859219645)))",274,Outdoor,B126,38,B,Red Hook Pool,Olympic,42472.1464996,917.635497615
"MULTIPOLYGON (((-73.8962218913293 40.890107669151206, -73.89565842825452 40.88995085485989, -73.89578533899397 40.88967126329242, -73.89635241317913 40.889828080216844, -73.8962218913293 40.890107669151206)))",275,Outdoor,X092,11,X,Van Cortlandt Pool,Intermediate,17954.17099,548.625017877
"MULTIPOLYGON (((-73.9224621850225 40.77935428527878, -73.92201384733353 40.77904180285627, -73.92284356166994 40.77838909635233, -73.92328430029133 40.77869578929339, -73.9224621850225 40.77935428527878)))",277,Outdoor,Q004,22,Q,Astoria Pool,Olympic,55207.4820099,995.389099096
"MULTIPOLYGON (((-73.95492384990634 40.79629779173523, -73.954887229369 40.79632624220744, -73.95472328371967 40.79620436551429, -73.95475990425945 40.79617591599416, -73.95492384990634 40.79629779173523)))",278,Outdoor,M010,8,M,Lasker Pool,Wading,920.749053955,155.999955302
"MULTIPOLYGON (((-73.90279631072416 40.65635922577549, -73.9026902011852 40.656375043694375, -73.90263825447423 40.65617302268013, -73.90274438382139 40.656157194019535, -73.90279631072416 40.65635922577549)))",279,Indoor,B270,42,B,Brownsville Pool,Intermediate,2250.27983093,210.008957272
"MULTIPOLYGON (((-73.93499996773616 40.674019455255625, -73.93473113932302 40.67399745116079, -73.93474732275217 40.67388283105235, -73.93501615189231 40.67390483420982, -73.93499996773616 40.674019455255625)))",280,Indoor,B245,36,B,St John's Pool,Intermediate,3150.00556946,234.000021671
"MULTIPOLYGON (((-73.95002118538844 40.6912411597966, -73.94920365967738 40.69134132704347, -73.94914921929934 40.69106745692385, -73.94996901770067 40.690970756224836, -73.95002118538844 40.6912411597966)))",281,Outdoor,B351,36,B,Kosciuszko Pool,Olympic,23039.5063629,660.177977218
"MULTIPOLYGON (((-73.9436591305556 40.80529928813858, -73.94307170419023 40.80535232977946, -73.94303432080264 40.80514707597496, -73.94362514344314 40.80509214243601, -73.9436591305556 40.80529928813858)))",282,Outdoor,M058,9,M,Marcus Garvey Pool,Intermediate,12446.9771576,480.103039335
"MULTIPOLYGON (((-74.2355364747414 40.50554019139536, -74.23546186512363 40.5055534958804, -74.23544730781644 40.50549653914185, -74.23551905353955 40.50548543424113, -74.2355364747414 40.50554019139536)))",283,Outdoor,R110,51,R,Tottenville Pool,Wading,433.891593933,83.3355815247
"MULTIPOLYGON (((-74.23533022023291 40.50569184818083, -74.23511802580494 40.505732802580646, -74.23505127553116 40.505531299256944, -74.23525754533169 40.50548990775861, -74.23533022023291 40.50569184818083)))",284,Outdoor,R110,51,R,Tottenville Pool,Intermediate,4566.93948364,272.196198439
"MULTIPOLYGON (((-73.93639914071707 40.79333348766825, -73.93622951517891 40.79354736182824, -73.93546741392112 40.79324018671832, -73.93564702170788 40.79301117102484, -73.93639914071707 40.79333348766825)))",285,Outdoor,M047,8,M,Thomas Jefferson Pool,Olympic,22458.0759125,666.061545855
"MULTIPOLYGON (((-73.93649848089044 40.79366869605536, -73.93632912646433 40.7935985419023, -73.93651619742259 40.793378996851416, -73.93667310568001 40.79343778138149, -73.93649848089044 40.79366869605536)))",286,Outdoor,M047,8,M,Thomas Jefferson Pool,Wading,4882.77444458,294.175146709
"MULTIPOLYGON (((-73.95035605599972 40.69104371862669, -73.95016705076652 40.691060968216505, -73.95015347444242 40.69094483845044, -73.95034020315154 40.69092758699999, -73.95035605599972 40.69104371862669)))",287,Outdoor,B351,36,B,Kosciuszko Pool,Wading,2229.94314575,189.967953776
"MULTIPOLYGON (((-73.83942993261637 40.874447430386844, -73.83933857561128 40.87447469882244, -73.8393132512824 40.87441181481444, -73.83940247962512 40.87438615441173, -73.83942993261637 40.874447430386844)))",288,Outdoor,X196,12,X,Haffen Pool,Wading,635.164077759,101.075265097
"MULTIPOLYGON (((-73.83937539674365 40.874301336552165, -73.83911625411544 40.87437995658466, -73.83902859795758 40.87421972734897, -73.83929245286377 40.87413932660281, -73.83937539674365 40.874301336552165)))",289,Outdoor,X196,12,X,Haffen Pool,Intermediate,4928.67160034,282.348865117
"MULTIPOLYGON (((-74.13559962698882 40.641325539235545, -74.13509926270784 40.6413113065148, -74.13509605901426 40.64110168915587, -74.13560198029185 40.6411159153363, -74.13559962698882 40.641325539235545)))",290,Outdoor,R008,49,R,Faber Pool,Intermediate,10663.3715363,432.211097846
"MULTIPOLYGON (((-73.86964360932379 40.75890192429893, -73.86956699125868 40.758905404478526, -73.8695624110031 40.75884952290711, -73.86963590136959 40.75884604009178, -73.86964360932379 40.75890192429893)))",291,Outdoor,Q441,21,Q,Fisher Pool,Wading,425.497955322,82.5338741606
"MULTIPOLYGON (((-73.86940888366121 40.75900627741495, -73.86913992610172 40.759026183162156, -73.86911836439499 40.75885971907975, -73.86938888099604 40.758841004718995, -73.86940888366121 40.75900627741495)))",292,Outdoor,Q441,21,Q,Fisher Pool,Intermediate,4556.34114075,271.525696578
"MULTIPOLYGON (((-74.07448838177365 40.637375799981804, -74.0738966746746 40.63742491695485, -74.07386638522622 40.637152324966614, -74.07446008206792 40.63709711664706, -74.07448838177365 40.637375799981804)))",293,Outdoor,R043,49,R,Lyons Pool,Olympic,16673.928009,532.697271208
"MULTIPOLYGON (((-74.00307853835409 40.647059516297524, -74.0025208399319 40.647618177792395, -74.00207006800876 40.64735632072296, -74.00264304889924 40.64679766194795, -74.00307853835409 40.647059516297524)))",294,Outdoor,B087,38,B,Sunset Park Pool,Olympic,39995.2391968,825.254313632
"MULTIPOLYGON (((-74.07407818619858 40.637050149990614, -74.07386029908218 40.63707161174434, -74.0738300385878 40.63682491054399, -74.07404592311154 40.63680192645764, -74.07407818619858 40.637050149990614)))",295,Outdoor,R043,49,R,Lyons Pool,Wading,5497.27754211,302.624257951
"MULTIPOLYGON (((-73.97566986204664 40.72538533681162, -73.97556037398954 40.72553378596089, -73.97532512901219 40.725428278969886, -73.97543096731624 40.72528538000152, -73.97566986204664 40.72538533681162)))",296,Outdoor,M270,2,M,Dry Dock Pool,Intermediate,4604.37976074,273.036294579
"MULTIPOLYGON (((-73.95551277636574 40.815024892848015, -73.95541485083173 40.814982993613334, -73.95544753546426 40.814931843603695, -73.95554342214629 40.814972190468325, -73.95551277636574 40.815024892848015)))",297,Outdoor,M190,7,M,Sheltering Arms Pool,Wading,638.791946411,103.156968803
"MULTIPOLYGON (((-73.93302432784478 40.80199890333163, -73.93294701977241 40.8019626898411, -73.93298872559491 40.80190394031425, -73.93306405139991 40.80193864519058, -73.93302432784478 40.80199890333163)))",298,Outdoor,M273,8,M,Wagner Pool,Wading,603.6847229,98.4063514469
"MULTIPOLYGON (((-73.93334946811149 40.80210307691886, -73.93316312779956 40.80202158912159, -73.93329023554648 40.80183931257152, -73.9334805391024 40.801922308987976, -73.93334946811149 40.80210307691886)))",299,Outdoor,M273,8,M,Wagner Pool,Intermediate,4519.03495789,270.622837038
"MULTIPOLYGON (((-73.97579930374143 40.7255435493184, -73.97573729831348 40.72551439759643, -73.97579204489763 40.72544086544294, -73.97585404672981 40.72547001803548, -73.97579930374143 40.7255435493184)))",300,Outdoor,M270,2,M,Dry Dock Pool,Wading,621.568969727,101.983326787
"MULTIPOLYGON (((-73.90763679640736 40.839155559381226, -73.90744571375772 40.83911211046121, -73.90753987993136 40.8389160827315, -73.90771755429986 40.83895697417364, -73.90763679640736 40.839155559381226)))",301,Outdoor,X008,14,X,Claremont Pool,Intermediate,4039.31344604,258.311635691
"MULTIPOLYGON (((-73.9091915745718 40.672615039095255, -73.90908513839153 40.67262964064507, -73.90907235338429 40.67257561581261, -73.90917878829842 40.67256101427359, -73.9091915745718 40.672615039095255)))",302,Outdoor,B260A,41,B,Howard Pool,Wading,599.995117188,99.9997386042
"MULTIPOLYGON (((-73.90900508285162 40.67275271566303, -73.90873899343507 40.6727892198229, -73.90870063922735 40.67262714340694, -73.90896672683556 40.672590639334146, -73.90900508285162 40.67275271566303)))",303,Outdoor,B260A,41,B,Howard Pool,Intermediate,4499.99629211,269.999925106
"MULTIPOLYGON (((-73.95582714943274 40.81486222095005, -73.95564138376217 40.81495827499598, -73.95549865332038 40.814783023776634, -73.9556782959823 40.81469006891663, -73.95582714943274 40.81486222095005)))",304,Outdoor,M190,7,M,Sheltering Arms Pool,Intermediate,4590.05703735,272.491996056
"MULTIPOLYGON (((-73.78414816132184 40.70181829198828, -73.78407338871072 40.70183233124316, -73.78404559954326 40.70174809900146, -73.78412140214905 40.70173276135343, -73.78414816132184 40.70181829198828)))",305,Outdoor,Q121,27,Q,Liberty Pool,Wading,686.033599854,106.775618734
"MULTIPOLYGON (((-73.78408764500973 40.701631612566096, -73.78381784659886 40.7016826380935, -73.78376554851617 40.70151981505756, -73.78403648885387 40.70146783905097, -73.78408764500973 40.701631612566096)))",306,Outdoor,Q121,27,Q,Liberty Pool,Intermediate,4729.20152283,276.956352769
"MULTIPOLYGON (((-73.95463274927891 40.79617148148364, -73.95492819228703 40.796391113128585, -73.9549281836124 40.79640392543628, -73.9549270510458 40.796417590978315, -73.95492253691246 40.796444921182726, -73.95491915652981 40.79645858584551, -73.95491465103851 40.79647139729479, -73.95491126946793 40.79648506195682, -73.9548943854045 40.79652349048272, -73.95488763327211 40.7965363010516, -73.95487188234162 40.796560210359026, -73.9548640057009 40.796573018685265, -73.95485500571255 40.79658412012387, -73.95484488301078 40.79659607389521, -73.95483588420232 40.796607173531726, -73.95482463638513 40.796618274087116, -73.95481339033032 40.79662851826682, -73.95480214487621 40.79663961792041, -73.95478977489071 40.79664900888378, -73.95477740432118 40.796659254419865, -73.95476503551406 40.79666864448053, -73.95475154101459 40.79667803499845, -73.95472455435164 40.796695106881884, -73.95470993768448 40.79670278870607, -73.95469419769506 40.7967104700869, -73.95467958278842 40.79671729643313, -73.9546481027709 40.79673095093623, -73.95463236393248 40.796736923160516, -73.95461550116819 40.79674204216682, -73.95459976172211 40.79674715981214, -73.9545829001377 40.79675227881414, -73.95456603794895 40.79675654323918, -73.95454805302239 40.796759951744285, -73.95453119141261 40.7967633624907, -73.95451320529689 40.79676677189042, -73.9544963460368 40.79676847348411, -73.95447836168721 40.7967710283048, -73.95446037731928 40.79677187577518, -73.9544423935516 40.796773576916706, -73.95438956788946 40.796773556025876, -73.95437158706108 40.796772694335296, -73.95433562302212 40.79676926359715, -73.95433337401245 40.796769262706164, -73.95432888071863 40.79676755447888, -73.95432775680072 40.79676669855883, -73.95432326232356 40.79676498852984, -73.95432213840576 40.79676413260969, -73.9543210162575 40.796762424817494, -73.9543187690188 40.79676157025311, -73.95431652235456 40.79675815196621, -73.95431652294039 40.79675729829264, -73.95431540079299 40.7967555895999, -73.95431540196532 40.79675388135233, -73.95431427981802 40.79675217265954, -73.95431428333565 40.796747047016375, -73.95431316177375 40.79674448555051, -73.95431203961472 40.796741067709185, -73.9543097935499 40.7967385039966, -73.95430754807064 40.796735087510946, -73.95430305594195 40.79672996008554, -73.95429743872317 40.79672568678816, -73.95428732644451 40.79672055893462, -73.95428283138517 40.79671970257758, -73.9542794608294 40.79671884756694, -73.95427496458538 40.79671799120916, -73.95427159403035 40.79671713529775, -73.95425923041154 40.79671713039218, -73.95423337986475 40.79671882927961, -73.95420866613983 40.79669917416167, -73.9542120484533 40.79668465494669, -73.95421205021543 40.79668209302554, -73.95421317529654 40.796679530650124, -73.9542131811712 40.796670989412235, -73.9542120602035 40.79666757157035, -73.95420869316649 40.79665988356681, -73.95420420104986 40.79665475703801, -73.9542019544042 40.796653047897316, -73.95419970716168 40.79665048418208, -73.95419296723537 40.79664706500772, -73.95418959549941 40.79664620999394, -73.95418622553662 40.796644500406515, -73.95417611151596 40.79664193356378, -73.95416487241377 40.79664192909513, -73.95416150186406 40.79664107318055, -73.95415026745982 40.79663252747203, -73.95414914413323 40.79663081967766, -73.9541480225815 40.79662825550865, -73.95414689925504 40.79662654771426, -73.95414577770285 40.79662398444576, -73.95414353929674 40.79661031757076, -73.95414130030352 40.7965975043692, -73.95413907131447 40.79657017061274, -73.95413909014374 40.79654283865093, -73.95414022228611 40.7965300267905, -73.95414473793194 40.79650269571703, -73.95414811788723 40.79648988565115, -73.95415149961471 40.79647622101151, -73.954154879568 40.79646341004488, -73.95416050851887 40.796450599972495, -73.9541650129677 40.79643779035321, -73.9541717652286 40.7964249807269, -73.95417739298802 40.79641217065318, -73.95418526915498 40.79640021514662, -73.9541920214081 40.7963874055191, -73.95420102206704 40.79637545135884, -73.95420889645268 40.79636435042424, -73.95421789592051 40.79635239626214, -73.95423814148279 40.79633019617541, -73.95424938934855 40.796319096577214, -73.95427188152428 40.79629860742524, -73.9542966215077 40.79627982560729, -73.95431011480565 40.79627043514159, -73.95433710021781 40.796253363353564, -73.95435171741529 40.796244827001985, -73.95436633402262 40.79623714612318, -73.95439556487317 40.796223490806184, -73.95441130538158 40.79621666404013, -73.95442704411747 40.796210690945074, -73.95444390616028 40.79620471919229, -73.95445964549076 40.79619960066734, -73.95447650812896 40.796194482583886, -73.95451023104543 40.79618595465678, -73.95452709369499 40.79618254391362, -73.95454507669876 40.79617998908462, -73.95456193757623 40.79617743381047, -73.95457992294777 40.796174878076485, -73.95459678205478 40.79617317737084, -73.95463274927891 40.79617148148364)))",707,Outdoor,M010,8,M,Lasker,Olympic,34444.9922333,684.906245066
